code,title,full_name,phone,email
alott,ms,Ann Lott,856-7634,alott@example.com
amarcum,dr,Allen Marcum,140-1768,amarcum@example.com
aphelps,prof,Ann Phelps,455-3127,aphelps@example.com
arobinson,ms,Ada Robinson,172-4012,arobinson@example.com
asimmons,mr,Alvin Simmons,556-1720,asimmons@example.com
bbonner,ms,Betty Bonner,673-6594,bbonner@example.com
bchilds,prof,Betty Childs,711-3723,bchilds@example.com
bdoyle,ms,Beverly Doyle,781-8435,bdoyle@example.com
bmcnamara,prof,Barbara Mcnamara,380-8524,bmcnamara@example.com
bmorris,dr,Brenda Morris,602-5201,bmorris@example.com
byoder,ms,Beth Yoder,545-8653,byoder@example.com
cbutler,prof,Carol Butler,458-9411,cbutler@example.com
cedwards,ms,Cheryl Edwards,875-2239,cedwards@example.com
cfriedman,ms,Carol Friedman,618-0859,cfriedman@example.com
cmoran,prof,Clara Moran,969-8940,cmoran@example.com
csilva,dr,Clyde Silva,780-2237,csilva@example.com
csimpson,ms,Carolina Simpson,316-1173,csimpson@example.com
dbuckley,dr,Donald Buckley,969-9457,dbuckley@example.com
djennings,dr,Douglas Jennings,156-0328,djennings@example.com
djohnson,prof,Deborah Johnson,584-1359,djohnson@example.com
dmaynard,mr,Daniel Maynard,818-2535,dmaynard@example.com
dmeier,dr,Donna Meier,570-7452,dmeier@example.com
dmiller,dr,David Miller,950-3049,dmiller@example.com
dmitchell,ms,Deloris Mitchell,651-4958,dmitchell@example.com
dpope,ms,Dorothy Pope,846-9466,dpope@example.com
dreynolds,dr,Delores Reynolds,971-7384,dreynolds@example.com
eanderson,ms,Ellen Anderson,286-5087,eanderson@example.com
ebusby,prof,Esther Busby,173-2108,ebusby@example.com
emartin,ms,Earline Martin,882-0057,emartin@example.com
eolson,prof,Evelyn Olson,233-5618,eolson@example.com
etaylor,prof,Eloise Taylor,616-4852,etaylor@example.com
ethompson,ms,Ethel Thompson,289-5188,ethompson@example.com
ewillis,prof,Elizabeth Willis,984-5069,ewillis@example.com
fhaynes,mr,Francisco Haynes,408-0812,
gcampbell,ms,Geraldine Campbell,712-5302,gcampbell@example.com
gflores,mr,Gregory Flores,175-1203,gflores@example.com
gmckinley,dr,Gerald Mckinley,314-7543,gmckinley@example.com
gtipton,ms,Guadalupe Tipton,140-7106,gtipton@example.com
gwhite,dr,Grant White,908-3558,gwhite@example.com
hchapman,dr,Henry Chapman,,hchapman@example.com
hfinn,prof,Helen Finn,397-5349,hfinn@example.com
hhumphrey,ms,Hazel Humphrey,905-5350,hhumphrey@example.com
hmejia,ms,Haley Mejia,445-0726,hmejia@example.com
hwright,mr,Henry Wright,236-2363,hwright@example.com
jbelanger,ms,Joanne Belanger,,jbelanger@example.com
jchavez,mr,John Chavez,542-6478,jchavez@example.com
jcraig,dr,Jerrod Craig,741-1218,jcraig@example.com
jfreeman,dr,John Freeman,833-0201,jfreeman@example.com
jjackson,prof,Jill Jackson,198-1520,jjackson@example.com
jjackson1,dr,Jesse Jackson,605-2644,jjackson1@example.com
jjaramillo,ms,Joan Jaramillo,980-6636,jjaramillo@example.com
jmalone,mr,Jesse Malone,746-6494,jmalone@example.com
jmccarthy,prof,Jamie Mccarthy,157-4721,jmccarthy@example.com
jmcgrath,prof,June Mcgrath,,jmcgrath@example.com
jmelton,mr,Jonathan Melton,101-3717,jmelton@example.com
jmorris,dr,Justin Morris,334-8248,jmorris@example.com
jortega,mr,John Ortega,473-2494,jortega@example.com
jreeves,dr,John Reeves,989-4116,jreeves@example.com
jwalsh,mr,Jay Walsh,136-5688,jwalsh@example.com
jwebster,ms,Jennifer Webster,331-1937,jwebster@example.com
jwilliams,prof,Jennifer Williams,548-7819,jwilliams@example.com
kbenson,mr,Kelly Benson,236-2309,
kjohnson,dr,Kathy Johnson,296-8957,kjohnson@example.com
kmccray,mr,Kurt Mccray,,kmccray@example.com
ktaylor,prof,Karen Taylor,836-3065,ktaylor@example.com
lhannah,prof,Linda Hannah,448-0147,lhannah@example.com
ljames,ms,Laura James,854-4939,ljames@example.com
lkilgore,dr,Linda Kilgore,756-8485,lkilgore@example.com
llawrence,prof,Lynn Lawrence,744-0574,llawrence@example.com
lswanson,mr,Lee Swanson,423-2810,lswanson@example.com
mbeck,ms,Maria Beck,746-3184,mbeck@example.com
mchilds,ms,Monique Childs,991-4793,mchilds@example.com
mcope,prof,Martha Cope,137-8040,mcope@example.com
mgarza,prof,Marsha Garza,505-5067,mgarza@example.com
mgoode,dr,Mamie Goode,645-7045,mgoode@example.com
mjohnson,dr,Marie Johnson,257-3375,mjohnson@example.com
mlyons,dr,Michael Lyons,506-4506,mlyons@example.com
mmay,ms,Mildred May,831-1734,mmay@example.com
mpena,ms,Mabel Pena,628-8553,mpena@example.com
mpowell,ms,Marisa Powell,190-6310,mpowell@example.com
msheffield,mr,Michael Sheffield,581-8746,msheffield@example.com
mstarks,prof,Margie Starks,811-9361,mstarks@example.com
mthurman,prof,Martha Thurman,780-9545,mthurman@example.com
mtriplett,prof,Michelle Triplett,392-6839,mtriplett@example.com
mward,prof,Margaret Ward,806-9402,mward@example.com
myoung,ms,Margaret Young,557-7401,myoung@example.com
nhilliard,ms,Nancy Hilliard,729-6357,nhilliard@example.com
nlopez,prof,Nancy Lopez,207-0135,nlopez@example.com
nwagner,ms,Nancy Wagner,782-1589,nwagner@example.com
pday,prof,Patricia Day,666-9696,pday@example.com
pervin,ms,Pamela Ervin,294-3049,pervin@example.com
phickman,ms,Patricia Hickman,904-9598,phickman@example.com
pjohnson,ms,Patricia Johnson,948-6523,pjohnson@example.com
rbeard,mr,Ryan Beard,325-8393,rbeard@example.com
rbeaver,prof,Rosa Beaver,734-7550,rbeaver@example.com
rflores,mr,Roger Flores,667-1326,rflores@example.com
rhoward,dr,Robert Howard,,rhoward@example.com
rmarshall,dr,Richard Marshall,402-3248,rmarshall@example.com
rmartin,mr,Robert Martin,333-3042,rmartin@example.com
rmejia,ms,Rosemary Mejia,982-4649,rmejia@example.com
rphillips,dr,Ruth Phillips,695-9763,rphillips@example.com
rwilliams,ms,Rachael Williams,472-9657,rwilliams@example.com
rwilliams1,prof,Roberta Williams,649-1077,rwilliams1@example.com
sbaker,ms,Shannon Baker,591-7521,sbaker@example.com
scampbell,prof,Shannon Campbell,102-1218,scampbell@example.com
scarter,prof,Shannon Carter,211-8914,scarter@example.com
sfisher,ms,Sandra Fisher,774-8826,sfisher@example.com
sfrost,prof,Sara Frost,834-3217,sfrost@example.com
sjackson,prof,Sue Jackson,553-2728,sjackson@example.com
sjohnson,mr,Stevie Johnson,214-3982,
slee,dr,Sharon Lee,824-5250,slee@example.com
smcdermott,prof,Sarah Mcdermott,885-2812,smcdermott@example.com
thernandez,prof,Tammy Hernandez,710-6635,thernandez@example.com
tscott,ms,Theresa Scott,567-1033,tscott@example.com
tshepherd,ms,Terry Shepherd,464-4407,tshepherd@example.com
tstafford,prof,Theresa Stafford,315-7354,tstafford@example.com
vbarber,dr,Virginia Barber,813-9925,vbarber@example.com
vgarza,ms,Vanessa Garza,977-1044,vgarza@example.com
vmarshall,prof,Vonda Marshall,,vmarshall@example.com
vmills,dr,Vera Mills,625-0438,vmills@example.com
vyoung,prof,Vicki Young,412-3477,vyoung@example.com
wbradshaw,mr,William Bradshaw,298-7463,
wmyers,dr,Whitney Myers,205-4208,wmyers@example.com
